name,pagerank
YouTube,0.005185772934866657
holyshiddd,0.004519126276069045
shfqhjais,0.004103855212859066
PYXPimtha92,0.004052167847251923
PYXBora90,0.003938618088892186
IMS_NET,0.003855348266112145
renjunctd_,0.0032951694582155086
gapuratv,0.0032951694582155086
jurnal_politik,0.0032951694582155086
heizeing,0.0032951694582155086
KodokJiyoung,0.0032951694582155086
HazmiSaibudin,0.0032951694582155086
ghali_galih,0.0032951694582155086
farahgee,0.003295169458201241
mimisupalio,0.003295169458201241
Ririenurma,0.003295169458201241
AimanHasshim,0.003295169458201241
jongssuk0602,0.003295169458201241
iniapexlah,0.003295169458201241
eunhaabi_,0.003295169458201241
owisya,0.003295169458201241
annisasonnia,0.003295169458201241
HaaJuJue,0.003295169458201241
rlaiyu,0.003295169458201241
Shyafinn,0.003295169458201241
malcoyg,0.003295169458201241
imthegd,0.003295169458201241
WaniOsman_93,0.003295169458201241
mcayurs,0.003295169458201241
GLX_HJS95,0.003295169458201241
nvddy_,0.003295169458201241
NNMnurnabilah,0.003295169458201241
IndahEmely,0.003295169458201241
fleseola,0.003295169458201241
XXXJYERIN,0.003295169458201241
Kutis30_36,0.003295169458201241
adzlifrds,0.003295169458201241
jekjeri_new,0.003295169458201241
amirahassann,0.003295169458201241
JieYNWA,0.003295169458201241
speczue,0.003295169458201241
flejiho,0.0032951694581987235
nmjelr,0.0032951694581987235
paiesaje,0.0032951694581987235
kristaaaalll,0.0032951694581987235
joenachoss,0.0032951694581987235
_khairuul,0.0032951694581987235
syieraumar,0.0032951694581987235
Mvdnurdh,0.0032951694581987235
alhafiidhu,0.0032951694581987235
